{
	"questions": [{
		"questionid": 1,
		"question": "Select your data",
		"questiontype": "Radio",
		"attributetype": 2,
		"validation": true,
		"questionoption": [{
			"optionid": 1,
			"optionvalue": "A",
			"price": 1800,
			"optionaction": "",
			"selected": false,
			"subquestion": []
		}, {
			"optionid": 2,
			"optionvalue": "B",
			"price": 2000,
			"optionaction": "",
			"selected": false,
			"subquestion": []
		}, {
			"optionid": 3,
			"optionvalue": "C",
			"price": 0,
			"optionaction": "",
			"selected": false,
			"subquestion": []
		}]
	}, {
		"questionid": 2,
		"question": "Do you want a bike",
		"questiontype": "Radio",
		"attributetype": 2,
		"validation": false,
		"questionoption": [{
			"optionid": 14,
			"optionvalue": "Yes",
			"price": 2000,
			"optionaction": "",
			"selected": false,
			"subquestion": []
		}, {
			"optionid": 15,
			"optionvalue": "No",
			"price": 0,
			"optionaction": "",
			"selected": false,
			"subquestion": []
		}]
	}, {
		"questionid": 3,
		"question": "Date & Time Slot",
		"questiontype": "Date",
		"attributetype": 4,
		"validation": false,
		"questionoption": [{
			"optionid": 16,
			"optionvalue": "",
			"price": 0,
			"optionaction": "",
			"selected": false,
			"subquestion": null
		}]
	}, {
		"questionid": 4,
		"question": "package selection test",
		"questiontype": "Radio",
		"attributetype": 3,
		"validation": false,
		"questionoption": [{
			"optionid": 36,
			"optionvalue": "a",
			"price": 0,
			"optionaction": "",
			"selected": false,
			"subquestion": []
		}, {
			"optionid": 37,
			"optionvalue": "b",
			"price": 0,
			"optionaction": "",
			"selected": false,
			"subquestion": []
		}, {
			"optionid": 38,
			"optionvalue": "c",
			"price": 0,
			"optionaction": "",
			"selected": false,
			"subquestion": []
		}]
	}, {
		"questionid": 6,
		"question": "Enter Your exprience details",
		"questiontype": "Textarea",
		"attributetype": 2,
		"validation": false,
		"questionoption": [{
			"optionid": 39,
			"optionvalue": "",
			"price": 0,
			"optionaction": "",
			"selected": false,
			"subquestion": []
		}]
	}, {
		"questionid": 7,
		"question": "testing check box",
		"questiontype": "Checkbox",
		"attributetype": 1,
		"validation": false,
		"questionoption": [{
			"optionid": 41,
			"optionvalue": "A",
			"price": 0,
			"optionaction": "",
			"selected": false,
			"subquestion": []
		}, {
			"optionid": 42,
			"optionvalue": "B",
			"price": 0,
			"optionaction": "",
			"selected": false,
			"subquestion": []
		}, {
			"optionid": 43,
			"optionvalue": "C",
			"price": 0,
			"optionaction": "",
			"selected": false,
			"subquestion": []
		}]
	}]
}
